key,name,path,scope,sources,texts,images,downloads,sport,news,social_video,migrate,exclude,missing,verify,status,founder_text,hero_copy,member_admin_source
homepage,Homepage,/,homepage,https://preview.esc-geretsried.de/ | content/home/heroes.json | content/home/home.json,"Bestehende Preview-Komposition aus Hero, News und Terminen beibehalten",Rollierender Hero; Nachwuchsbild täglich; ausschließlich verifizierte Teamfotos; U11 nach Verifizierung aufnehmen,,Kein nächstes Spiel auf der Homepage,Nur neue redaktionelle News; keine historische Homepage-Newsmigration,Nur verifizierte offizielle Social-URLs; keine beliebigen iframes/scripts,Bestehende Preview-Optik und Rotation als Zielreferenz,Nächstes Spiel | neue Homepage-Struktur,,Preview vor Umsetzung visuell gegen aktuellen Stand prüfen,VERIFIZIERT,,,
river-rats,River Rats,/river-rats/,river-rats,https://orp-esc-int.netlify.app/river-rats/ | https://preview.esc-geretsried.de/river-rats/ | content/river-rats/team.json | content/river-rats/hockeydata.json | ESC PR #33,Übersicht | Trainer/Betreuer/Kontakte/Kader aus Altbestand,Hero | Teamfoto,,"HockeyData: nächstes Ligaspiel, Spielplan, Ergebnisse, Tabelle | Manuell: Vorbereitung, Freundschaft, Turniere",Historische News migrieren; Kandidaten einzeln in news.csv,"Instagram-Handle riverrats_geretsried erst als vollständige offizielle URL verwenden, wenn verifiziert",Kanonische Teamstruktur | historische News | geschützte Providerbindung unverändert referenzieren,Altes Layout | Provider/API/League Binding ändern | Homepage-Spielkarte,,Founder-Wunsch zusätzlicher Eintrittspreise-Tab gegen kanonische Teamnavigation entscheiden,WIDERSPRUCH,,,
river-rats-eintrittspreise,River Rats Eintrittspreise,/river-rats/eintrittspreise/,river-rats,https://www.esc-geretsried.de/river-rats/eintrittspreise/,Vorhandene Eintrittspreise als Quellinventar,,,,Keine historische Newsmigration,,Nur nach HQ-Entscheidung als Unterseite oder Aktion,Ohne Freigabe nicht als zusätzlicher Team-Tab einbauen,,Zielposition und Aktualität der Preise,ZU VERIFIZIEREN,,,
river-rats-bestellung,River Rats Saisonkarten-Bestellung,/river-rats/bestellung/,river-rats,https://esc-geretsried.github.io/bestellung/,Founder verlangt eine Preview-Seite mit funktionaler/inhaltlicher Entsprechung,,,,Keine historische Newsmigration,,Nur nach gesonderter Review als neue Seite spezifizieren/implementieren,"Keine ungeprüfte Kopie von Scripts, Formularen oder externen Integrationen","Formular-, Datenschutz-, Datenfluss- und technische Zielanforderungen fehlen",Umfang und Datenschutz vor Implementierung,FEHLT,,,
damen,Damen,/damen/,damen,https://www.esc-geretsried.de/eishockey/damen/ | imports/esc-int-pages/river-rats-damen/index.html,Übersicht; Trainer/Betreuer/Kontakte/Kader aus altem Mannschafts-Tab,Founder-bestätigtes Damen-Teamfoto; kontrolliert kanonisch umbenennen,,"Offizieller DEB/BEV-Portal-Link für Spielplan, Tabelle, Ergebnisse; optional manuell",Historische News ausdrücklich nicht migrieren,Instagram-Handle esc_riverrats_damen erst nach URL-Verifizierung,Kanonische Teamstruktur und Bestandsinventar,Historische Damen-News | automatisch erfundene Tabelle,,Kader-/Kontaktstand unmittelbar vor Umsetzung,VERIFIZIERT,,,
nachwuchs,Nachwuchs,/nachwuchs/,nachwuchs,Excel Referenzen!D6,Founder-Text: Nachwuchs bündelt U20 bis U7; Eislaufschule bleibt eigener Bereich; alle Bezeichnungen verlinken,,,,Historische allgemeine Nachwuchs-News nicht migrieren,Instagram-Handle riverrats_nachwuchs erst nach URL-Verifizierung,Übersichts- und Linktext,Historische Nachwuchs-News | Eislaufschule als Mannschaft behandeln,,,VERIFIZIERT,"Der Nachwuchsbereich bündelt die Mannschaften U20 bis U7.

Mannschaften
U20
U17
U15
U13
U11
U9
U7

Einstieg ins Eislaufen
Die Eislaufschule ist das Einstiegs- und Anfängerangebot des ESC. Sie ist keine Mannschaft und bleibt als eigener Bereich geführt.",,
u20,U20,/u20/,u20,https://www.esc-geretsried.de/eishockey/junioren-u20/ | Excel Aufbau Teamseiten alte Website,Übersicht; Trainer/Betreuer/Kontakte/Kader und sonstige relevante Bestandsinhalte,Hero | Teamfoto direkt nach Übersicht,,"Offizieller DEB/BEV-Portal-Link für Spielplan, Tabelle, Ergebnisse; optional manuell",Historische News nicht migrieren,,Kanonische Teamstruktur | Bestandsinhalte in neue Struktur überführen,Altes Layout | automatisch erfundene Tabelle | Historische News,,Trainer-/Betreuer-/Kaderstand vor Umsetzung | Live-Erreichbarkeit der Founder-Seite,ZU VERIFIZIEREN,,,
u17,U17,/u17/,u17,https://www.esc-geretsried.de/eishockey/jugend-u17/ | Excel Aufbau Teamseiten alte Website,Übersicht; Trainer/Betreuer/Kontakte/Kader und sonstige relevante Bestandsinhalte,Hero | Teamfoto direkt nach Übersicht,,"Offizieller DEB/BEV-Portal-Link für Spielplan, Tabelle, Ergebnisse; optional manuell",Historische News nicht migrieren,,Kanonische Teamstruktur | Bestandsinhalte in neue Struktur überführen,Altes Layout | automatisch erfundene Tabelle | Historische News,,Trainer-/Betreuer-/Kaderstand vor Umsetzung,VERIFIZIERT,,,
u15,U15,/u15/,u15,https://www.esc-geretsried.de/eishockey/schueler-u15/ | Excel Aufbau Teamseiten alte Website,Übersicht; Trainer/Betreuer/Kontakte/Kader und sonstige relevante Bestandsinhalte,Hero | Teamfoto direkt nach Übersicht,,"Offizieller DEB/BEV-Portal-Link für Spielplan, Tabelle, Ergebnisse; optional manuell",Historische News nicht migrieren,,Kanonische Teamstruktur | Bestandsinhalte in neue Struktur überführen,Altes Layout | automatisch erfundene Tabelle | Historische News,,Trainer-/Betreuer-/Kaderstand vor Umsetzung,VERIFIZIERT,,,
u13,U13,/u13/,u13,https://www.esc-geretsried.de/eishockey/knaben-u13/ | Excel Aufbau Teamseiten alte Website,Übersicht; Trainer/Betreuer/Kontakte/Kader und sonstige relevante Bestandsinhalte,Hero | Teamfoto direkt nach Übersicht,,"Offizieller DEB/BEV-Portal-Link für Spielplan, Tabelle, Ergebnisse; optional manuell",Historische U13-News migrieren; Kandidaten einzeln inventarisiert,,Kanonische Teamstruktur | Bestandsinhalte in neue Struktur überführen,Altes Layout | automatisch erfundene Tabelle | nicht belegte News,,Trainer-/Betreuer-/Kaderstand vor Umsetzung | Live-Erreichbarkeit der Founder-Seite,ZU VERIFIZIEREN,,,
u11,U11,/u11/,u11,https://www.esc-geretsried.de/eishockey/kleinschueler-u11/ | Excel Aufbau Teamseiten alte Website,Übersicht; Trainer/Betreuer/Kontakte/Kader und sonstige relevante Bestandsinhalte,Hero | Teamfoto direkt nach Übersicht,,Spielplan und Ergebnisse manuell; kein Liga-Provider; keine Tabelle,Historische News nicht migrieren,,Kanonische Teamstruktur | Bestandsinhalte in neue Struktur überführen,Altes Layout | Tabelle | Historische News,,Trainer-/Betreuer-/Kaderstand vor Umsetzung,VERIFIZIERT,,,
u9,U9,/u9/,u9,https://www.esc-geretsried.de/eishockey/kleinstschueler-u9/ | Excel Aufbau Teamseiten alte Website,Übersicht; Trainer/Betreuer/Kontakte/Kader und sonstige relevante Bestandsinhalte,Hero | Teamfoto direkt nach Übersicht,,Spielplan und Ergebnisse manuell; kein Liga-Provider; keine Tabelle,Historische News nicht migrieren,,Kanonische Teamstruktur | Bestandsinhalte in neue Struktur überführen,Altes Layout | Tabelle | Historische News,,Trainer-/Betreuer-/Kaderstand vor Umsetzung,VERIFIZIERT,,,
u7,U7,/u7/,u7,https://www.esc-geretsried.de/eishockey/bambini-u7/ | Excel Aufbau Teamseiten alte Website,Übersicht; Trainer/Betreuer/Kontakte/Kader und sonstige relevante Bestandsinhalte,Hero | Teamfoto direkt nach Übersicht,,Spielplan und Ergebnisse manuell; kein Liga-Provider; keine Tabelle,Historische News nicht migrieren,,Kanonische Teamstruktur | Bestandsinhalte in neue Struktur überführen,Altes Layout | Tabelle | Historische News,,Trainer-/Betreuer-/Kaderstand vor Umsetzung,VERIFIZIERT,,,
eislaufschule,Eislaufschule,/eislaufschule/,eislaufschule,https://www.esc-geretsried.de/eislaufschule/ | imports/esc-int-pages/eislaufschule/index.html,Abschnitt Die Eislaufschule; Kontakte; Trainingszeiten,Founder-Teamfoto,Eigene Downloads,,Historische News nicht migrieren,,"Inhalt, Kontakte, Downloads",Historische News | als Mannschaft behandeln,,Live-Quelle und zeitabhängige Kontakte/Trainingszeiten,ZU VERIFIZIEREN,,,
eiskunstlauf,Eiskunstlauf,/eiskunstlauf/,eiskunstlauf,https://www.esc-geretsried.de/eiskunstlauf/ | imports/esc-int-pages/eiskunstlauf/index.html,Abschnitt Wir sind; Kontakte; wichtige Hinweise,Founder-Teamfoto,Eigene Downloads,,Alle relevanten historischen Eiskunstlauf-News migrieren; Einzelinventar vor Implementierung vervollständigen,Instagram-Handle esc_riverrats_eiskunstlauf erst nach URL-Verifizierung,"Inhalte, Kontakte, Downloads, historische News",Unbelegte News,Vollständige Einzel-News-Liste fehlt im Lieferpaket,Historische News-Kandidaten vollständig enumerieren,FEHLT,,,
inklusion,Inklusion,/inklusion/,inklusion,https://preview.esc-geretsried.de/inklusion/,Bestehende Preview-Inhalte,Founder-Bild_Inklusion.jpg,,,Historische News nicht migrieren,,Preview-Inhalt und Bild,Historische News,,Preview-Livequelle,ZU VERIFIZIEREN,,,
verein,Verein,/verein/,verein,Excel Aufbau NEUE Vereinsseite | https://www.esc-geretsried.de/verein/vereinsfuehrung/ | https://de.wikipedia.org/wiki/Eishockey_in_Geretsried,"Verbindliche neue Vereinsstruktur: Über uns, Vereinsführung, Geschäftsstelle, Leitbild, Historie, Mitgliedsantrag, Downloads | Founder-Über-uns-Text",Leitbild nur als gelieferte Referenz,Leitbild | Satzung | Arbeitsstundennachweis | Bankverbindung | Mitglied werden | Geschäftsordnung | Beitragsordnung,,Historische Vereins-News nicht migrieren,,Vereinsstruktur und freigegebene Bestandsangaben,Historische Vereins-News | Markus Hätinen gemäß Founder-Vorgabe,,Alle Rollen/Namen zeitnah; Wikipedia-Inhalte redaktionell prüfen,ZU VERIFIZIEREN,"Eissport ist für uns mehr als Sport. Er verbindet Menschen.
Die River Rats sind in Geretsried zu Hause. Als gemeinnütziger Verein fördern wir Eishockey, Eiskunstlauf und Inklusionssport – vom ersten Schritt auf dem Eis bis zum Leistungsbereich.
Kinder sollen bei uns mit Freude und ohne unnötigen Leistungsdruck das Eislaufen und den Sport im Team kennenlernen. Jugendliche unterstützen wir nicht nur in ihrer sportlichen Entwicklung: Fairness, gegenseitige Unterstützung, Charakter und die Bereitschaft, Verantwortung zu übernehmen, gehören für uns genauso dazu.
Auch Erwachsene finden bei uns ihren Platz – vom Hobby- bis zum Leistungssport. Unser Verein soll Menschen über Alters-, Berufs- und soziale Gruppen hinweg zusammenbringen und ihnen eine sportliche Heimat bieten.
Dabei tragen wir Verantwortung über den Sport hinaus. Fairness, Solidarität und Gerechtigkeit bestimmen unser Miteinander. Rassismus, Diskriminierung, sexueller Missbrauch und Gewalt haben bei uns keinen Platz.
Wir wirtschaften solide und nachhaltig. Sportlichen Erfolg wollen wir nicht kurzfristig erkaufen, sondern unseren Verein und seine Angebote langfristig entwickeln. Dazu gehört für uns auch der Einsatz für gute Sportstätten und eine verlässliche Zusammenarbeit mit unseren Partnern.
Als River Rats sind wir eng mit Geretsried und unserer Region Oberbayern verbunden. Wir wollen dazu beitragen, dass Geretsried eine lebendige Sportstadt bleibt – und ein Verein sein, in dem Menschen gerne zusammenkommen, gemeinsam Sport treiben und füreinander einstehen.","ESC River Rats Geretsried

Verein
ESC River Rats Geretsried e.V.",Excel Aufbau NEUE Vereinsseite!A23:B23 (URL contains a Founder-supplied tenant parameter; value intentionally not duplicated in this intake)
geschaeftsstelle,Geschäftsstelle,/verein/geschaeftsstelle/,verein,Excel Referenzen!A20:F20 | imports/esc-int-pages/verein/index.html,Wir sind für Sie da; Founder-gelieferte Geschäftsstellenangaben,,,,Historische News nicht migrieren,,Geschäftsstelleninhalt im Verein-Scope,Historische News,,"Person, Kontakt, Öffnungszeiten vor Go-Live",ZU VERIFIZIEREN,,,
foerderverein,Förderverein,/foerderverein/,foerderverein,https://www.esc-geretsried.de/verein/foerderverein/ | content/verein/foerderverein/_index.md,"Text, Kontakt, Vorstand, Aufgaben",,Aufnahmeantrag | Satzung,,Historische News nicht migrieren,,Eigene Hauptseite und eigener Editor-Scope,Unterseite von Verein | Historische News,,Personen/Kontakte/Downloads vor Go-Live; aktuellen Git-Pfad später kontrolliert ablösen,WIDERSPRUCH,,,
sponsoren,Sponsoren,/sponsoren/,sponsoren,https://preview.esc-geretsried.de/sponsoren/ | https://www.esc-geretsried.de/sponsoring/ | Sponsoren Fotos und Link.docx,Sponsoring-Bestandstext nach Kontaktprüfung,47 eindeutige Founder-Logos; keine Ersetzung/Verbesserung,,,Historische News nicht migrieren,,Eigener Marketing-/Sponsoring-Scope; Sponsoren einzeln aus sponsors.csv,Historische News | geratene URLs | Logo-Austausch,,Josef-Mayr-Link; öffentliche Kontaktperson; mehrere nicht live bestätigte Links,WIDERSPRUCH,,,
impressum,Impressum,/impressum/,legal,https://www.esc-geretsried.de/impressum/ | imports/esc-int-pages/impressum/index.html,"Anbieter, Anschrift, Register, Vertretung, Kontakte, redaktionelle/technische Credits ausschließlich aus der Founder-Quelle",,,,Keine News,,Go-Live-Pflichtseite,Juristische Angaben erfinden,,Alle personen-/zeitabhängigen und rechtlichen Angaben unmittelbar vor Go-Live,ZU VERIFIZIEREN,,,
datenschutz,Datenschutz,/datenschutz/,legal,https://www.esc-geretsried.de/datenschutzerklaerung/ | imports/esc-int-pages/datenschutz/index.html,Bestehender Text nur als Migrations-/Referenzbasis; Kategorien A-I in legal.csv,,,,Keine News,,Go-Live-Pflichtseite nach technisch-fachlicher und rechtlicher Freigabe,Unverändert als gültigen Zieltext annehmen | Rechtsberatung erfinden,"Zielsystem-Datenflüsse, Hosting, Cookies, Tracking, Social/Video, Formulare/externe Dienste und Rechtsfreigabe",Jeden technisch abhängigen Abschnitt gegen Zielbetrieb prüfen,ZU VERIFIZIEREN,,,
