team_key,provider_class,schedule_source,table_source,results_source,next_league_game_source,manual_extras,provider_required,binding_protected,verified,status,notes
river-rats,HockeyData,HockeyData,HockeyData,HockeyData,HockeyData,YES,YES,YES,YES,VERIFIZIERT,Einzige aktuelle HockeyData/GamePitch-Mannschaft; Vorbereitung/Freundschaft/Turniere manuell trennen.
damen,official-external-or-manual,https://deb-online.live/liga/lev/bev/frauen/,https://deb-online.live/liga/lev/bev/frauen/,https://deb-online.live/liga/lev/bev/frauen/,,YES,NO,NO,YES,VERIFIZIERT,Gemeinsamer offizieller Portal-Link zulässig; leerer Link darf manuelle Pflege bedeuten; keine automatische Tabelle.
u20,official-external-or-manual,https://deb-online.live/liga/lev/bev/u20/,https://deb-online.live/liga/lev/bev/u20/,https://deb-online.live/liga/lev/bev/u20/,,YES,NO,NO,YES,VERIFIZIERT,Gemeinsamer offizieller Portal-Link zulässig; leerer Link darf manuelle Pflege bedeuten; keine automatische Tabelle.
u17,official-external-or-manual,https://deb-online.live/liga/lev/bev/u17/,https://deb-online.live/liga/lev/bev/u17/,https://deb-online.live/liga/lev/bev/u17/,,YES,NO,NO,YES,VERIFIZIERT,Gemeinsamer offizieller Portal-Link zulässig; leerer Link darf manuelle Pflege bedeuten; keine automatische Tabelle.
u15,official-external-or-manual,https://deb-online.live/liga/lev/bev/u15/,https://deb-online.live/liga/lev/bev/u15/,https://deb-online.live/liga/lev/bev/u15/,,YES,NO,NO,YES,VERIFIZIERT,Gemeinsamer offizieller Portal-Link zulässig; leerer Link darf manuelle Pflege bedeuten; keine automatische Tabelle.
u13,official-external-or-manual,https://deb-online.live/liga/lev/bev/u13/,https://deb-online.live/liga/lev/bev/u13/,https://deb-online.live/liga/lev/bev/u13/,,YES,NO,NO,YES,VERIFIZIERT,Gemeinsamer offizieller Portal-Link zulässig; leerer Link darf manuelle Pflege bedeuten; keine automatische Tabelle.
u11,manual,manual,NICHT VORHANDEN,manual,,YES,NO,NO,YES,VERIFIZIERT,Kein Liga-Provider; keine Tabelle; Spiele/Turniere/Ergebnisse manuell.
u9,manual,manual,NICHT VORHANDEN,manual,,YES,NO,NO,YES,VERIFIZIERT,Kein Liga-Provider; keine Tabelle; Spiele/Turniere/Ergebnisse manuell.
u7,manual,manual,NICHT VORHANDEN,manual,,YES,NO,NO,YES,VERIFIZIERT,Kein Liga-Provider; keine Tabelle; Spiele/Turniere/Ergebnisse manuell.
