team_key,display_name,source,source_semantics,target_sections,team_photo_position,table_allowed,inventory_to_carry,historical_news,sport_data_mode,status,notes
river-rats,River Rats,content/river-rats/team.json; ESC PR #33,MIGRATIONSINVENTAR; kein Layoutvertrag,Hero | ÜBERSICHT | TEAMFOTO | MANNSCHAFT / KADER | NEWS | SPIELPLAN | TABELLE | ERGEBNISSE,direkt nach ÜBERSICHT,YES,Trainer | Betreuer | Kontakte | Kader | sonstige relevante vorhandene Inhalte,MIGRIEREN,HockeyData plus manuelle Zusatztermine,VERIFIZIERT,Kanonische Teamstruktur ist bindend; zusätzlicher Excel-Tab ist nur Inhalts-/Migrationsinput.
damen,Damen,https://www.esc-geretsried.de/eishockey/damen/,MIGRATIONSINVENTAR; kein Layoutvertrag,Hero | ÜBERSICHT | TEAMFOTO | MANNSCHAFT / KADER | NEWS | SPIELPLAN | TABELLE | ERGEBNISSE,direkt nach ÜBERSICHT,YES,Trainer | Betreuer | Kontakte | Kader | sonstige relevante vorhandene Inhalte,NICHT MIGRIEREN,offizielle externe Links oder manuell,VERIFIZIERT,Keine automatische Tabelle erfinden.
u20,U20,https://www.esc-geretsried.de/eishockey/junioren-u20/,MIGRATIONSINVENTAR; kein Layoutvertrag,Hero | ÜBERSICHT | TEAMFOTO | MANNSCHAFT / KADER | NEWS | SPIELPLAN | TABELLE | ERGEBNISSE,direkt nach ÜBERSICHT,YES,Trainer | Betreuer | Kontakte | Kader | sonstige relevante vorhandene Inhalte,NICHT MIGRIEREN,offizielle externe Links oder manuell,VERIFIZIERT,Keine automatische Tabelle erfinden.
u17,U17,https://www.esc-geretsried.de/eishockey/jugend-u17/,MIGRATIONSINVENTAR; kein Layoutvertrag,Hero | ÜBERSICHT | TEAMFOTO | MANNSCHAFT / KADER | NEWS | SPIELPLAN | TABELLE | ERGEBNISSE,direkt nach ÜBERSICHT,YES,Trainer | Betreuer | Kontakte | Kader | sonstige relevante vorhandene Inhalte,NICHT MIGRIEREN,offizielle externe Links oder manuell,VERIFIZIERT,Keine automatische Tabelle erfinden.
u15,U15,https://www.esc-geretsried.de/eishockey/schueler-u15/,MIGRATIONSINVENTAR; kein Layoutvertrag,Hero | ÜBERSICHT | TEAMFOTO | MANNSCHAFT / KADER | NEWS | SPIELPLAN | TABELLE | ERGEBNISSE,direkt nach ÜBERSICHT,YES,Trainer | Betreuer | Kontakte | Kader | sonstige relevante vorhandene Inhalte,NICHT MIGRIEREN,offizielle externe Links oder manuell,VERIFIZIERT,Keine automatische Tabelle erfinden.
u13,U13,https://www.esc-geretsried.de/eishockey/knaben-u13/,MIGRATIONSINVENTAR; kein Layoutvertrag,Hero | ÜBERSICHT | TEAMFOTO | MANNSCHAFT / KADER | NEWS | SPIELPLAN | TABELLE | ERGEBNISSE,direkt nach ÜBERSICHT,YES,Trainer | Betreuer | Kontakte | Kader | sonstige relevante vorhandene Inhalte,MIGRIEREN,offizielle externe Links oder manuell,VERIFIZIERT,Keine automatische Tabelle erfinden.
u11,U11,https://www.esc-geretsried.de/eishockey/kleinschueler-u11/,MIGRATIONSINVENTAR; kein Layoutvertrag,Hero | ÜBERSICHT | TEAMFOTO | MANNSCHAFT / KADER | NEWS | SPIELPLAN | ERGEBNISSE,direkt nach ÜBERSICHT,NO,Trainer | Betreuer | Kontakte | Kader | sonstige relevante vorhandene Inhalte,NICHT MIGRIEREN,manuell; kein Provider,VERIFIZIERT,Keine Tabelle.
u9,U9,https://www.esc-geretsried.de/eishockey/kleinstschueler-u9/,MIGRATIONSINVENTAR; kein Layoutvertrag,Hero | ÜBERSICHT | TEAMFOTO | MANNSCHAFT / KADER | NEWS | SPIELPLAN | ERGEBNISSE,direkt nach ÜBERSICHT,NO,Trainer | Betreuer | Kontakte | Kader | sonstige relevante vorhandene Inhalte,NICHT MIGRIEREN,manuell; kein Provider,VERIFIZIERT,Keine Tabelle.
u7,U7,https://www.esc-geretsried.de/eishockey/bambini-u7/,MIGRATIONSINVENTAR; kein Layoutvertrag,Hero | ÜBERSICHT | TEAMFOTO | MANNSCHAFT / KADER | NEWS | SPIELPLAN | ERGEBNISSE,direkt nach ÜBERSICHT,NO,Trainer | Betreuer | Kontakte | Kader | sonstige relevante vorhandene Inhalte,NICHT MIGRIEREN,manuell; kein Provider,VERIFIZIERT,Keine Tabelle.
